GENDER,CATEGORY,SKU,NAME,COLOR NAME,SKU,NAME,COLOR NAME,SKU,NAME,COLOR NAME,SKU,NAME,COLOR NAME,HEIGHT INCH,HEIGHT CM,WAIST IN,WAIST CM,INSEAM INCH,INSEAM CM,SIZE
MEN,TRAINING,2031C668_001,LIMOﾄﾗｲﾌﾞﾘﾂﾄﾞﾌｰﾃﾞｲｰ,Pﾌﾞﾗﾂｸ,2031C669_001,LIMOﾄﾗｲﾌﾞﾘﾂﾄﾞﾊﾟﾝﾂ,Pﾌﾞﾗﾂｸ,,,,1011B025_600,HYPER SPEED,SUNRISE RED,"5' 10""",177cm,29'',73.66cm,29'',73.66cm,Large
MEN,TRAINING,2031C669_001,LIMOﾄﾗｲﾌﾞﾘﾂﾄﾞﾊﾟﾝﾂ,Pﾌﾞﾗﾂｸ,2031C668_001,LIMOﾄﾗｲﾌﾞﾘﾂﾄﾞﾌｰﾃﾞｲｰ,Pﾌﾞﾗﾂｸ,,,,1011B025_600,HYPER SPEED,SUNRISE RED,"5' 10""",177cm,29'',73.66cm,29'',73.66cm,Large
MEN,TRAINING,2031C670_402,LIMOﾋｰﾄﾌﾘｰｽﾌｰﾃﾞｲｰ,ﾐﾂﾄﾞﾅｲﾄ,2031C671_402,LIMOﾋｰﾄﾌﾘｰｽﾊﾟﾝﾂ,ﾐﾂﾄﾞﾅｲﾄ,,,,1011B025_600,HYPER SPEED,SUNRISE RED,"5' 10""",177cm,29'',73.66cm,29'',73.66cm,Large
MEN,TRAINING,2031C671_402,LIMOﾋｰﾄﾌﾘｰｽﾊﾟﾝﾂ,ﾐﾂﾄﾞﾅｲﾄ,2031C670_402,LIMOﾋｰﾄﾌﾘｰｽﾌｰﾃﾞｲｰ,ﾐﾂﾄﾞﾅｲﾄ,,,,1011B025_600,HYPER SPEED,SUNRISE RED,"5' 10""",177cm,29'',73.66cm,29'',73.66cm,Large
MEN,TRAINING,2031A898_402,ｳﾗﾄﾘｺﾂﾄﾌﾞﾚｰｶｰJKT,ﾋﾟｰｺｰﾄ/BWH,2031A899_402,ｳﾗﾄﾘｺﾂﾄﾌﾞﾚｰｶｰﾊﾟﾝﾂ,ﾋﾟｰｺｰﾄ/BWH,,,,1011B025_001,HYPER SPEED,BLACK,"5' 10""",177cm,29'',73.66cm,29'',73.66cm,Large
MEN,TRAINING,2031A899_402,ｳﾗﾄﾘｺﾂﾄﾌﾞﾚｰｶｰﾊﾟﾝﾂ,ﾋﾟｰｺｰﾄ/BWH,2031A898_402,ｳﾗﾄﾘｺﾂﾄﾌﾞﾚｰｶｰJKT,ﾋﾟｰｺｰﾄ/BWH,,,,1011B025_001,HYPER SPEED,BLACK,"5' 10""",177cm,29'',73.66cm,29'',73.66cm,Large
MEN,TRAINING,2031C691_400,CAｳﾗﾄﾘｺﾂﾄWBｼﾞﾔｹﾂﾄ,ﾋﾟｰｺｰﾄﾓｸ,2031C692_400,CAｳﾗﾄﾘｺﾂﾄWBﾊﾟﾝﾂ,ﾋﾟｰｺｰﾄﾓｸ,,,,1011B025_001,HYPER SPEED,BLACK,"5' 10""",177cm,29'',73.66cm,29'',73.66cm,Large
MEN,TRAINING,2031C692_400,CAｳﾗﾄﾘｺﾂﾄWBﾊﾟﾝﾂ,ﾋﾟｰｺｰﾄﾓｸ,2031C691_400,CAｳﾗﾄﾘｺﾂﾄWBｼﾞﾔｹﾂﾄ,ﾋﾟｰｺｰﾄﾓｸ,,,,1011B025_001,HYPER SPEED,BLACK,"5' 10""",177cm,29'',73.66cm,29'',73.66cm,Large
MEN,TRAINING,2031C693_400,CAｳｵｰﾏｰﾌｰﾃﾞｲｰ,ﾋﾟｰｺｰﾄﾓｸ,2031C694_400,CAｳｵｰﾏｰﾊﾟﾝﾂ,ﾋﾟｰｺｰﾄﾓｸ,,,,1011B025_001,HYPER SPEED,BLACK,"5' 10""",177cm,29'',73.66cm,29'',73.66cm,Large
MEN,TRAINING,2031C694_400,CAｳｵｰﾏｰﾊﾟﾝﾂ,ﾋﾟｰｺｰﾄﾓｸ,2031C693_400,CAｳｵｰﾏｰﾌｰﾃﾞｲｰ,ﾋﾟｰｺｰﾄﾓｸ,,,,1011B025_001,HYPER SPEED,BLACK,"5' 10""",177cm,29'',73.66cm,29'',73.66cm,Large
MEN,TRAINING,2031C716_001,ｳﾗﾄﾘｺﾂﾄﾌﾞﾚｰｶｰJKT ｽﾘﾑ,Pﾌﾞﾗﾂｸ,2031C717_001,ｳﾗﾄﾘｺﾂﾄｳｲﾝﾄﾞﾊﾟﾝﾂ ｽﾘﾑ,Pﾌﾞﾗﾂｸ,,,,1011B025_001,HYPER SPEED,BLACK,"5' 10""",177cm,29'',73.66cm,29'',73.66cm,Large
MEN,TRAINING,2031C716_100,ｳﾗﾄﾘｺﾂﾄﾌﾞﾚｰｶｰJKT ｽﾘﾑ,Bﾎﾜｲﾄ,2031C717_001,ｳﾗﾄﾘｺﾂﾄｳｲﾝﾄﾞﾊﾟﾝﾂ ｽﾘﾑ,Pﾌﾞﾗﾂｸ,,,,1011B025_001,HYPER SPEED,BLACK,"5' 10""",177cm,29'',73.66cm,29'',73.66cm,Large
MEN,TRAINING,2031C717_001,ｳﾗﾄﾘｺﾂﾄｳｲﾝﾄﾞﾊﾟﾝﾂ ｽﾘﾑ,Pﾌﾞﾗﾂｸ,2031C716_100,ｳﾗﾄﾘｺﾂﾄﾌﾞﾚｰｶｰJKT ｽﾘﾑ,Bﾎﾜｲﾄ,,,,1011B025_001,HYPER SPEED,BLACK,"5' 10""",177cm,29'',73.66cm,29'',73.66cm,Large
MEN,TRAINING,2031C688_001,CAｽｳｴﾂﾄﾊﾟﾝﾂ,Pﾌﾞﾗﾂｸ,2031C686_001,CAｽｳｴﾂﾄPOﾌｰﾃﾞｲｰ,Pﾌﾞﾗﾂｸ,,,,1011B025_001,HYPER SPEED,BLACK,"5' 10""",177cm,29'',73.66cm,29'',73.66cm,Large
MEN,TRAINING,2031C686_001,CAｽｳｴﾂﾄPOﾌｰﾃﾞｲｰ,Pﾌﾞﾗﾂｸ,2031C688_001,CAｽｳｴﾂﾄﾊﾟﾝﾂ,Pﾌﾞﾗﾂｸ,,,,1011B025_001,HYPER SPEED,BLACK,"5' 10""",177cm,29'',73.66cm,29'',73.66cm,Large
MEN,TRAINING,2031C687_001,CAｽｳｴﾂﾄｸﾙｰﾄﾂﾌﾟ,Pﾌﾞﾗﾂｸ,2031C688_001,CAｽｳｴﾂﾄﾊﾟﾝﾂ,Pﾌﾞﾗﾂｸ,,,,1011B025_001,HYPER SPEED,BLACK,"5' 10""",177cm,29'',73.66cm,29'',73.66cm,Large
MEN,TRAINING,2031C685_001,CAﾛﾝｸﾞｽﾘｰﾌﾞﾄﾂﾌﾟ,PBK/Mﾌﾞﾙｰ,2031C688_001,CAｽｳｴﾂﾄﾊﾟﾝﾂ,Pﾌﾞﾗﾂｸ,,,,1011B025_001,HYPER SPEED,BLACK,"5' 10""",177cm,29'',73.66cm,29'',73.66cm,Large
MEN,TRAINING,2031C685_100,CAﾛﾝｸﾞｽﾘｰﾌﾞﾄﾂﾌﾟ,Bﾎﾜｲﾄ,2031C688_001,CAｽｳｴﾂﾄﾊﾟﾝﾂ,Pﾌﾞﾗﾂｸ,,,,1011B025_001,HYPER SPEED,BLACK,"5' 10""",177cm,29'',73.66cm,29'',73.66cm,Large
MEN,TRAINING,2031C685_401,CAﾛﾝｸﾞｽﾘｰﾌﾞﾄﾂﾌﾟ,ﾋﾟｰｺｰﾄ/BWH,2031C688_001,CAｽｳｴﾂﾄﾊﾟﾝﾂ,Pﾌﾞﾗﾂｸ,,,,1011B025_001,HYPER SPEED,BLACK,"5' 10""",177cm,29'',73.66cm,29'',73.66cm,Large
MEN,TRAINING,2031C689_001,CAﾌﾘｰｽPOﾌｰﾃﾞｲｰ,Pﾌﾞﾗﾂｸ,2031C690_001,CAﾌﾘｰｽﾊﾟﾝﾂ,Pﾌﾞﾗﾂｸ,,,,1011B025_001,HYPER SPEED,BLACK,"5' 10""",177cm,29'',73.66cm,29'',73.66cm,Large
MEN,TRAINING,2031C690_001,CAﾌﾘｰｽﾊﾟﾝﾂ,Pﾌﾞﾗﾂｸ,2031C689_001,CAﾌﾘｰｽPOﾌｰﾃﾞｲｰ,Pﾌﾞﾗﾂｸ,,,,1011B025_001,HYPER SPEED,BLACK,"5' 10""",177cm,29'',73.66cm,29'',73.66cm,Large
MEN,TRAINING,2031C696_001,ﾊｲﾌﾞﾘﾂﾄﾞFZﾌｰﾃﾞｲｰ,Pﾌﾞﾗﾂｸ,2031C697_001,ﾊｲﾌﾞﾘﾂﾄﾞｽｳｴﾂﾄﾊﾟﾝﾂ,Pﾌﾞﾗﾂｸ,,,,1201A297_001,GEL-QUANTUM 180,BLACK,"5' 10""",177cm,29'',73.66cm,29'',73.66cm,Large
MEN,TRAINING,2031C697_001,ﾊｲﾌﾞﾘﾂﾄﾞｽｳｴﾂﾄﾊﾟﾝﾂ,Pﾌﾞﾗﾂｸ,2031C696_001,ﾊｲﾌﾞﾘﾂﾄﾞFZﾌｰﾃﾞｲｰ,Pﾌﾞﾗﾂｸ,,,,1201A297_001,GEL-QUANTUM 180,BLACK,"5' 10""",177cm,29'',73.66cm,29'',73.66cm,Large
MEN,TRAINING,2031C699_001,ﾊｲﾌﾞﾘﾂﾄﾞﾌﾘｰｽﾊﾟﾝﾂ,Pﾌﾞﾗﾂｸ/PBK,2031C700_001,ﾘﾊﾞｰｼﾌﾞﾙﾌﾘｰｽJKT,Pﾌﾞﾗﾂｸ,,,,1201A297_001,GEL-QUANTUM 180,BLACK,"5' 10""",177cm,29'',73.66cm,29'',73.66cm,Large
MEN,TRAINING,2031C700_001,ﾘﾊﾞｰｼﾌﾞﾙﾌﾘｰｽJKT,Pﾌﾞﾗﾂｸ,2031C699_001,ﾊｲﾌﾞﾘﾂﾄﾞﾌﾘｰｽﾊﾟﾝﾂ,Pﾌﾞﾗﾂｸ/PBK,,,,1201A297_001,GEL-QUANTUM 180,BLACK,"5' 10""",177cm,29'',73.66cm,29'',73.66cm,Large
MEN,TRAINING,2031C713_001,ｽｳｴﾂﾄﾊﾟﾝﾂ(ｽﾘﾑｽｿﾎﾞﾀﾝ),Pﾌﾞﾗﾂｸ,0,#N/A,#N/A,,,,1201A297_001,GEL-QUANTUM 180,BLACK,"5' 10""",177cm,29'',73.66cm,29'',73.66cm,Large
MEN,TRAINING,2031C722_400,ｽｳｴﾂﾄｸﾙｰﾄﾂﾌﾟ,ﾋﾟｰｺｰﾄ,2031C723_400,ｽｳｴﾂﾄﾊﾟﾝﾂ,ﾋﾟｰｺｰﾄ,,,,1201A297_001,GEL-QUANTUM 180,BLACK,"5' 10""",177cm,29'',73.66cm,29'',73.66cm,Large
MEN,TRAINING,2031C721_400,ｽｳｴﾂﾄﾌﾟﾙｵｰﾊﾞｰﾌｰﾃﾞｲ,ﾋﾟｰｺｰﾄ,2031C723_400,ｽｳｴﾂﾄﾊﾟﾝﾂ,ﾋﾟｰｺｰﾄ,,,,1201A297_001,GEL-QUANTUM 180,BLACK,"5' 10""",177cm,29'',73.66cm,29'',73.66cm,Large
MEN,TRAINING,2031C723_400,ｽｳｴﾂﾄﾊﾟﾝﾂ,ﾋﾟｰｺｰﾄ,2031C721_400,ｽｳｴﾂﾄﾌﾟﾙｵｰﾊﾞｰﾌｰﾃﾞｲ,ﾋﾟｰｺｰﾄ,,,,1201A297_001,GEL-QUANTUM 180,BLACK,"5' 10""",177cm,29'',73.66cm,29'',73.66cm,Large
MEN,T&F,2091A437_001,TRACK ELITE ｼﾞﾔｹﾂﾄ,Pﾌﾞﾗﾂｸ,2091A438_001,TRACK ELITE ﾊﾟﾝﾂ,Pﾌﾞﾗﾂｸ,　,,,1093A087_402,HYPERSPRINT 7,BLUE,6'1'',185cm,29'',74cm,32'',81cm,Large
MEN,T&F,2091A438_001,TRACK ELITE ﾊﾟﾝﾂ,Pﾌﾞﾗﾂｸ,2091A437_001,TRACK ELITE ｼﾞﾔｹﾂﾄ,Pﾌﾞﾗﾂｸ,　,,,1093A087_402,HYPERSPRINT 7,BLUE,6'1'',185cm,29'',74cm,32'',81cm,Large
MEN,T&F,2091A439_404,TRACK ELITE LSﾄﾂﾌﾟ,ｽﾄｰﾑﾌﾞﾙｰ,2091A440_001,TRACK ELITE ﾛﾝｸﾞﾀｲﾂ,Pﾌﾞﾗﾂｸ,3093A079_402,Socks,Blue,1093A087_402,HYPERSPRINT 7,BLUE,6'1'',185cm,29'',74cm,32'',81cm,Large
MEN,T&F,2091A439_001,TRACK ELITE LSﾄﾂﾌﾟ,Pﾌﾞﾗﾂｸ,2091A440_001,TRACK ELITE ﾛﾝｸﾞﾀｲﾂ,Pﾌﾞﾗﾂｸ,3093A079_402,Socks,Blue,1093A087_402,HYPERSPRINT 7,BLUE,6'1'',185cm,29'',74cm,32'',81cm,Large
MEN,T&F,2091A440_001,TRACK ELITE ﾛﾝｸﾞﾀｲﾂ,Pﾌﾞﾗﾂｸ,2091A439_001,TRACK ELITE LSﾄﾂﾌﾟ,Pﾌﾞﾗﾂｸ,3093A079_402,Socks,Blue,1093A087_402,HYPERSPRINT 7,BLUE,6'1'',185cm,29'',74cm,32'',81cm,Large
MEN,T&F,2091A448_003,ｳｵｰﾑ ﾛﾝｸﾞﾀｲﾂ,Pﾌﾞﾗﾂｸ/SB,2091A447_404,ｶｽﾀﾑ ﾛﾝｸﾞｽﾘｰﾌﾞﾄﾂﾌﾟ,ｽﾄｰﾑﾌﾞﾙｰ,3093A079_402,Socks,Blue,1093A087_402,HYPERSPRINT 7,BLUE,6'1'',185cm,29'',74cm,32'',81cm,Large
MEN,T&F,2091A447_404,ｶｽﾀﾑ ﾛﾝｸﾞｽﾘｰﾌﾞﾄﾂﾌﾟ,ｽﾄｰﾑﾌﾞﾙｰ,2091A448_003,ｳｵｰﾑ ﾛﾝｸﾞﾀｲﾂ,Pﾌﾞﾗﾂｸ/SB,3093A079_402,Socks,Blue,1093A087_402,HYPERSPRINT 7,BLUE,6'1'',185cm,29'',74cm,32'',81cm,Large
MEN,T&F,2091A434_001,TRACK ELITE SSﾄﾂﾌﾟ,Pﾌﾞﾗﾂｸ,2091A448_003,ｳｵｰﾑ ﾛﾝｸﾞﾀｲﾂ,Pﾌﾞﾗﾂｸ/SB,3093A079_402,Socks,Blue,1093A087_402,HYPERSPRINT 7,BLUE,6'1'',185cm,29'',74cm,32'',81cm,Large
MEN,T&F,2091A434_403,TRACK ELITE SSﾄﾂﾌﾟ,ﾓﾅｺﾌﾞﾙｰ,2091A448_003,ｳｵｰﾑ ﾛﾝｸﾞﾀｲﾂ,Pﾌﾞﾗﾂｸ/SB,3093A079_402,Socks,Blue,1093A087_402,HYPERSPRINT 7,BLUE,6'1'',185cm,29'',74cm,32'',81cm,Large
MEN,T&F,2091A516_402,ﾌﾟﾘﾝﾄ ﾛﾝｸﾞｽﾘｰﾌﾞﾄﾂﾌﾟ,ｱｼﾂｸｽﾌﾞﾙｰ,2091A448_003,ｳｵｰﾑ ﾛﾝｸﾞﾀｲﾂ,Pﾌﾞﾗﾂｸ/SB,3093A079_402,Socks,Blue,1093A087_402,HYPERSPRINT 7,BLUE,6'1'',185cm,29'',74cm,32'',81cm,Large
MEN,T&F,2091A450_400,ﾌﾟﾘﾝﾄ ﾛﾝｸﾞｽﾘｰﾌﾞﾄﾂﾌﾟ,ﾋﾟｰｺｰﾄ,2091A448_003,ｳｵｰﾑ ﾛﾝｸﾞﾀｲﾂ,Pﾌﾞﾗﾂｸ/SB,3093A079_402,Socks,Blue,1093A087_402,HYPERSPRINT 7,BLUE,6'1'',185cm,29'',74cm,32'',81cm,Large
MEN,T&F,2091A447_001,ｶｽﾀﾑ ﾛﾝｸﾞｽﾘｰﾌﾞﾄﾂﾌﾟ,Pﾌﾞﾗﾂｸ,2091A448_003,ｳｵｰﾑ ﾛﾝｸﾞﾀｲﾂ,Pﾌﾞﾗﾂｸ/SB,3093A079_402,Socks,Blue,1093A087_402,HYPERSPRINT 7,BLUE,6'1'',185cm,29'',74cm,32'',81cm,Large
MEN,T&F,2091A447_750,ｶｽﾀﾑ ﾛﾝｸﾞｽﾘｰﾌﾞﾄﾂﾌﾟ,ｸﾞﾛｰｲｴﾛｰ,2091A448_400,ｳｵｰﾑ ﾛﾝｸﾞﾀｲﾂ,ﾋﾟｰｺｰﾄ/GY,3093A079_402,Socks,Blue,1093A087_402,HYPERSPRINT 7,BLUE,6'1'',185cm,29'',74cm,32'',81cm,Large
MEN,T&F,2091A448_400,ｳｵｰﾑ ﾛﾝｸﾞﾀｲﾂ,ﾋﾟｰｺｰﾄ/GY,2091A447_750,ｶｽﾀﾑ ﾛﾝｸﾞｽﾘｰﾌﾞﾄﾂﾌﾟ,ｸﾞﾛｰｲｴﾛｰ,3093A079_402,Socks,Blue,1093A087_402,HYPERSPRINT 7,BLUE,6'1'',185cm,29'',74cm,32'',81cm,Large
MEN,T&F,2091A449_750,ﾌﾟﾘﾝﾄ ｼﾖｰﾄｽﾘｰﾌﾞﾄﾂﾌﾟ,ﾌﾗﾂｼﾕｲｴﾛｰ,2091A451_001,ﾌﾟﾘﾝﾄ ﾐﾄﾞﾙﾀｲﾂ,Pﾌﾞﾗﾂｸ/BWH,3093A079_402,Socks,Blue,1093A087_402,HYPERSPRINT 7,BLUE,6'1'',185cm,29'',74cm,32'',81cm,Large
MEN,T&F,2091A449_001,ﾌﾟﾘﾝﾄ ｼﾖｰﾄｽﾘｰﾌﾞﾄﾂﾌﾟ,Pﾌﾞﾗﾂｸ/FGR,2091A451_001,ﾌﾟﾘﾝﾄ ﾐﾄﾞﾙﾀｲﾂ,Pﾌﾞﾗﾂｸ/BWH,3093A079_402,Socks,Blue,1093A087_402,HYPERSPRINT 7,BLUE,6'1'',185cm,29'',74cm,32'',81cm,Large
MEN,T&F,2091A449_003,ﾌﾟﾘﾝﾄ ｼﾖｰﾄｽﾘｰﾌﾞﾄﾂﾌﾟ,Pﾌﾞﾗﾂｸ/BWH,2091A451_001,ﾌﾟﾘﾝﾄ ﾐﾄﾞﾙﾀｲﾂ,Pﾌﾞﾗﾂｸ/BWH,3093A079_402,Socks,Blue,1093A087_402,HYPERSPRINT 7,BLUE,6'1'',185cm,29'',74cm,32'',81cm,Large
MEN,T&F,2091A451_001,ﾌﾟﾘﾝﾄ ﾐﾄﾞﾙﾀｲﾂ,Pﾌﾞﾗﾂｸ/BWH,2091A449_003,ﾌﾟﾘﾝﾄ ｼﾖｰﾄｽﾘｰﾌﾞﾄﾂﾌﾟ,Pﾌﾞﾗﾂｸ/BWH,3093A079_402,Socks,Blue,1093A087_402,HYPERSPRINT 7,BLUE,6'1'',185cm,29'',74cm,32'',81cm,Large
MEN,T&F,2091A451_003,ﾌﾟﾘﾝﾄ ﾐﾄﾞﾙﾀｲﾂ,Pﾌﾞﾗﾂｸ/ABL,2091A449_003,ﾌﾟﾘﾝﾄ ｼﾖｰﾄｽﾘｰﾌﾞﾄﾂﾌﾟ,Pﾌﾞﾗﾂｸ/BWH,3093A079_402,Socks,Blue,1093A087_402,HYPERSPRINT 7,BLUE,6'1'',185cm,29'',74cm,32'',81cm,Large
MEN,T&F,2091A451_002,ﾌﾟﾘﾝﾄ ﾐﾄﾞﾙﾀｲﾂ,Pﾌﾞﾗﾂｸ/FC,2091A449_003,ﾌﾟﾘﾝﾄ ｼﾖｰﾄｽﾘｰﾌﾞﾄﾂﾌﾟ,Pﾌﾞﾗﾂｸ/BWH,3093A079_402,Socks,Blue,1093A087_402,HYPERSPRINT 7,BLUE,6'1'',185cm,29'',74cm,32'',81cm,Large
MEN,T&F,2091A445_404,ｶｽﾀﾑ ｼﾞﾔｹﾂﾄ,ｽﾄｰﾑﾌﾞﾙｰﾓｸ,2091A446_001,ｶｽﾀﾑ ﾊﾟﾝﾂ,Pﾌﾞﾗﾂｸ,3093A079_402,Socks,Blue,1093A087_402,HYPERSPRINT 7,BLUE,6'1'',185cm,29'',74cm,32'',81cm,Large
MEN,T&F,2091A445_001,ｶｽﾀﾑ ｼﾞﾔｹﾂﾄ,Pﾌﾞﾗﾂｸﾓｸ,2091A446_001,2,Pﾌﾞﾗﾂｸ,3093A079_700,Socks,Orange,1013A098_100,SORTIEMAGIC RP 6,WHITE/RED,6'1'',185cm,29'',74cm,32'',81cm,Large
MEN,T&F,2091A446_001,ｶｽﾀﾑ ﾊﾟﾝﾂ,Pﾌﾞﾗﾂｸ,2091A445_001,ｶｽﾀﾑ ｼﾞﾔｹﾂﾄ,Pﾌﾞﾗﾂｸﾓｸ,3093A079_700,Socks,Orange,1013A098_100,SORTIEMAGIC RP 6,WHITE/RED,6'1'',185cm,29'',74cm,32'',81cm,Large
MEN,T&F,2091A443_700,ﾌﾟﾘﾝﾄ ｼﾖｰﾄｽﾘｰﾌﾞﾄﾂﾌﾟ,ﾌﾗﾂｼﾕｺｰﾗﾙ,2091A444_001,ﾆﾂﾄﾄﾗﾝｸｽ,Pﾌﾞﾗﾂｸ,3093A079_700,Socks,Orange,1013A098_100,SORTIEMAGIC RP 6,WHITE/RED,6'1'',185cm,29'',74cm,32'',81cm,Large
MEN,T&F,2091A443_001,ﾌﾟﾘﾝﾄ ｼﾖｰﾄｽﾘｰﾌﾞﾄﾂﾌﾟ,Pﾌﾞﾗﾂｸ,2091A444_001,ﾆﾂﾄﾄﾗﾝｸｽ,Pﾌﾞﾗﾂｸ,3093A079_700,Socks,Orange,1013A098_100,SORTIEMAGIC RP 6,WHITE/RED,6'1'',185cm,29'',74cm,32'',81cm,Large
MEN,T&F,2091A444_001,ﾆﾂﾄﾄﾗﾝｸｽ,Pﾌﾞﾗﾂｸ,2091A443_001,ﾌﾟﾘﾝﾄ ｼﾖｰﾄｽﾘｰﾌﾞﾄﾂﾌﾟ,Pﾌﾞﾗﾂｸ,3093A079_700,Socks,Orange,1013A098_100,SORTIEMAGIC RP 6,WHITE/RED,6'1'',185cm,29'',74cm,32'',81cm,Large
MEN,T&F,2091A450_600,ﾌﾟﾘﾝﾄ ﾛﾝｸﾞｽﾘｰﾌﾞﾄﾂﾌﾟ,ｸﾗｼﾂｸﾚﾂﾄﾞ,2091A448_002,ｳｵｰﾑ ﾛﾝｸﾞﾀｲﾂ,Pﾌﾞﾗﾂｸ/FC,3093A079_700,Socks,Orange,1013A098_100,SORTIEMAGIC RP 6,WHITE/RED,6'1'',185cm,29'',74cm,32'',81cm,Large
MEN,T&F,2091A516_001,ﾌﾟﾘﾝﾄ ﾛﾝｸﾞｽﾘｰﾌﾞﾄﾂﾌﾟ,Pﾌﾞﾗﾂｸ/FC,2091A448_002,ｳｵｰﾑ ﾛﾝｸﾞﾀｲﾂ,Pﾌﾞﾗﾂｸ/FC,3093A079_700,Socks,Orange,1013A098_100,SORTIEMAGIC RP 6,WHITE/RED,6'1'',185cm,29'',74cm,32'',81cm,Large
MEN,T&F,2091A447_700,ｶｽﾀﾑ ﾛﾝｸﾞｽﾘｰﾌﾞﾄﾂﾌﾟ,ﾌﾗﾂｼﾕｺｰﾗﾙ,2091A448_002,ｳｵｰﾑ ﾛﾝｸﾞﾀｲﾂ,Pﾌﾞﾗﾂｸ/FC,3093A079_700,Socks,Orange,1013A098_100,SORTIEMAGIC RP 6,WHITE/RED,6'1'',185cm,29'',74cm,32'',81cm,Large
MEN,T&F,2091A448_002,ｳｵｰﾑ ﾛﾝｸﾞﾀｲﾂ,Pﾌﾞﾗﾂｸ/FC,2091A447_700,ｶｽﾀﾑ ﾛﾝｸﾞｽﾘｰﾌﾞﾄﾂﾌﾟ,ﾌﾗﾂｼﾕｺｰﾗﾙ,3093A079_700,Socks,Orange,1013A098_100,SORTIEMAGIC RP 6,WHITE/RED,6'1'',185cm,29'',74cm,32'',81cm,Large
MEN,T&F,2091A449_002,ﾌﾟﾘﾝﾄ ｼﾖｰﾄｽﾘｰﾌﾞﾄﾂﾌﾟ,Pﾌﾞﾗﾂｸ/FC,2091A451_002,ﾌﾟﾘﾝﾄ ﾐﾄﾞﾙﾀｲﾂ,Pﾌﾞﾗﾂｸ/FC,3093A079_700,Socks,Orange,1013A098_100,SORTIEMAGIC RP 6,WHITE/RED,6'1'',185cm,29'',74cm,32'',81cm,Large
MEN,T&F,2091A441_700,TRACK ELITE SSﾄﾂﾌﾟ,Fｺｰﾗﾙﾓｸ,2091A442_001,TRACK ELITE ｱｲｺﾝｼﾖｰﾂ,Pﾌﾞﾗﾂｸ,3093A079_700,Socks,Orange,1013A098_100,SORTIEMAGIC RP 6,WHITE/RED,6'1'',185cm,29'',74cm,32'',81cm,Large
MEN,T&F,2091A441_403,TRACK ELITE SSﾄﾂﾌﾟ,ﾓﾅｺﾌﾞﾙｰﾓｸ,2091A442_001,TRACK ELITE ｱｲｺﾝｼﾖｰﾂ,Pﾌﾞﾗﾂｸ,3093A079_402,Socks,Blue,1093A087_402,SORTIEMAGIC RP 6,BLUE,6'1'',185cm,29'',74cm,32'',81cm,Large